product_name,category,sub_category,source_file,description,eligibility,initial_deposit,minimum_balance,fees_and_charges,benefits,interest_rates,loan_amount,overview,how_it_works,key_risks,remarks,how_to_apply,website_link,disclaimer,pulled_on
360 Account,Current Account,Current Account,ocbc_current_accounts_sg_response_1791199625431.json,"Earn higher interest rates when you credit your salary, transact, insure and invest.","- Minimum Age : 18 years old
- Nationality : Singaporeans, Permanent Residents, E-Pass and S-Pass Holders","S$1,000","S$3,000 ( Minimum average daily balance for the month )",S$2 (waived for the first year),"Bonus interest on the first S$70,000 of your account balance when you do all or any of these:
- 1.2% per year - Credit your salary of at least S$2,000 through GIRO.
- 0.3% per year - Pay at least 3 bills online or through GIRO with a total amount of at least S$150.
- 0.3% per year - Spend at least S$500 on OCBC Credit Cards.
- 1.2% per year - Insure or invest with OCBC. Earn 0.6% or 1.2% for 12 months, depending on the qualifying amount.
- 1% per year - Earn this extra bonus on the first S$70,000 if your account balance is S$200,000 and above
- You will earn a base interest of 0.05% per year on your entire account balance.",,,,,,"Access, track & manage your money easily
- Online Banking:
  - Easy transfers and payments:Transfer funds almost instantly between banks with Fast and Secure Transfers (FAST). Pay any bank's credit card bills online or transfer money locally and to overseas accounts.
  - Track your spending by category:Know exactly where your money is going as your spending is automatically sorted by category Money In$ights.
  - Online security guarantee:Guaranteed a full refund of any money lost due to fraud via Online Banking.
- Access cash at over 2,000 withdrawal locations islandwide:
  - Convenient locations:All OCBC and UOB ATMs, participating 7-Eleven stores and NETS merchants.
  - Make NETS purchases:Make purchases with your OCBC YES! Card or ATM Card where NETS is accepted.
- Sunday at OCBC:
  - Open every day at 19 branches from 11am to 7pm:A new banking experience awaits you at our 19 full-service 'Sunday at OCBC' branches.","- Online (For Singaporeans and Singapore PRs only):Open your account anywhere. Account is opened within 5 working days.:
  - NRIC
  - SIGNATURE
  - SUBMIT SUPPORTING DOCUMENTS:
    - Mail in your documents to us at:ACCOUNT SERVICES BRAS BASAH POST OFFICE LOCKED BAG SERVICE NO. 8 SINGAPORE 911886 or Apply online at https://openaccount.ocbc.com/ or download the OCBC Open Account App
    - If you would like to be offered an OCBC Credit Card as well, login to CPF Online Services using your SingPass username and password.
  - 3 simple steps to open an account. For existing OCBC Savings or Current Account customers, your account will be opened within 1 working day. Otherwise, you will receive your account number and Online Banking access within 5 working days. Please make a deposit when you receive your account number. Transfers funds almost instantly to your OCBC 360 Account from any other participating bank with Fast and Secure Transfers (FAST).
- At a branch
  - NRIC for Singaporeans and Singapore PRs.
  - Foreigners need to bring:Passport
  - Foreigners need to bring:Employment Pass (EP) or S-Pass
  - S$1,000 for initial deposit
  - Include any one of the following documents:Phone bill,Half-yearly CPF statement,Any bank statement
- Online Banking:For existing OCBC Savings or Current Account Customers. Account is opened within 2-3 working days",https://www.ocbc.com/personal-banking/accounts/360-account.html?pid=sg:en:others:accounts:360Account:Nov16:internal:depositsLP:::::,The data returned are indicative and are subjected to changes without prior notice. Please use the data at your own discretion and risk.,2026-10-05
FRANK Account,Current Account,Current Account,ocbc_current_accounts_sg_response_1791199625431.json,An account for youth age 16 to 26. It has no initial deposit and minimum balance requirement.,"- You need to be 16 years old and above.
- No minimum income is required.",No initial deposit is needed.,no minimum balance,"If you are 26 years old and above, there is a monthly service fee of S$2 if your average daily balance for the month is less than S$1,000.","FRANK ACCOUNT:
- First S$10,000:0.20% per annum
- S$10,001 - S$100,000:0.30% per annum
- S$100,001 - S$500,000:0.40% per annum
- *For balances above S$500,000, there will be no interest given because we believe that your money can work harder with other higher-yielding OCBC Accounts!
Regular Savings Account:
- Starts from 0.05% per annum",,,,,,,"For Singaporean/ Singapore PR:
- If Existing OCBC customer:
  - NRIC only
- If not existing OCBC customer:
  - NRIC
  - (Only If mailing in application form)original Singapore phone bill/bank statement/utilities bill within the last 3 months showing resindential address OR Income tax notice of assessment
  - If applying in person at branch, the proof of address is not required
For Foreigner residing in Singapore:
- If Existing OCBC customer:
  - Passport with 6 month validity
  - Valid student/long term/ employment pass
- If not existing OCBC customer:
  - Passport with 6 month validity
  - Valid student/long term/ employment pass
  - Last 3 months documents showing residential address OR Income tax notice of assessment",http://www.frankbyocbc.com/products/accounts/frank-account/,The data returned are indicative and are subjected to changes without prior notice. Please use the data at your own discretion and risk.,2026-10-05
Time Deposit (Fixed Deposit),Deposit Accounts,Time deposit,ocbc_deposit_accounts_response_1791199738343.json,,"Singaporeans, Singapore PRs and foreigners age 18 and above","5,000 Units for AUD, CAD, CHF, EUR, GBP, NZD, SGD, USD; 50,000 units for HKD, 250,000 units for CNH and 500,000 units for JPY",,,"Promotional Interest Rates (% per year):
- Singapore Dollar:
  - $5,000 - S$20,000:
    - 1 - 2 mths:0.0500
    - 3 - 5 mths:0.1000
    - 6 mth:0.1500
    - 7 - 8 mths:0.1500
    - 9 - 11 mths:0.2000
    - 12 - 15 mths:0.2500
    - 18 mth:0.5000
    - 24 mth:0.5500
    - 36 mth:0.6500
  - >$20,000 - S$50,000:
    - 1 - 2 mths:0.0500
    - 3 - 5 mths:0.1000
    - 6 mth:0.1500
    - 7 - 8 mths:0.1500
    - 9 - 11 mths:0.2000
    - 12 - 15 mths:0.2500
    - 18 mth:0.5000
    - 24 mth:0.5500
    - 36 mth:0.6500
  - >$50,000 - S$99,999:
    - 1 - 2 mths:0.0500
    - 3 - 5 mths:0.1000
    - 6 mth:0.1500
    - 7 - 8 mths:0.1500
    - 9 - 11 mths:0.2000
    - 12 - 15 mths:0.2500
    - 18 mth:0.5000
    - 24 mth:0.5500
    - 36 mth:0.6500
  - $100,000 - S$249,999:
    - 1 - 2 mths:0.0500
    - 3 - 5 mths:0.1000
    - 6 mth:0.1500
    - 7 - 8 mths:0.1500
    - 9 - 11 mths:0.2000
    - 12 - 15 mths:0.2500
    - 18 mth:0.5000
    - 24 mth:0.5500
    - 36 mth:0.6500
  - $250,000 - S$499,999:
    - 1 - 2 mths:0.0500
    - 6 mth:0.1500
    - 6 mth:0.1500
    - 7 - 8 mths:0.1500
    - 9 - 11 mths:0.2000
    - 12 - 15 mths:0.2500
    - 18 mth:0.5000
    - 24 mth:0.5500
    - 36 mth:0.6500
  - $500,000 - S$999,999:
    - 1 - 2 mths:0.0500
    - 3 - 5 mths:0.1000
    - 6 mth:0.1500
    - 36 mth:0.6500
    - 9 - 11 mths:0.2000
    - 12 - 15 mths:0.2500
    - 18 mth:0.5000
    - 24 mth:0.5500
    - 36 mth:0.6500
  - For deposits of more than S$1,000,000, you may call us at 1800 363 3333 or approach any branch for interest rates.
  - Esteem time deposits will earn 0.125% p.a. more than time deposits for amount S$5,000 - S$50,000.
- Foreign Currency:
  - https://www.ocbc.com/personal-banking/accounts/interest-rates.html?pid=sg:en:others:accounts:Timedeposits:fcy:Nov16%20:internal:timedeposit_LP:::::",,,,,,"Terms and Conditions Governing Time Deposit Promotions
- The above Time Deposit promotions are only valid for placements done at any OCBC Bank branch. The placement amount for all Time Deposit promotions must be in fresh funds only. Fresh funds refer to funds not transferred or withdrawn from existing OCBC Bank deposit accounts and re-deposited or funds in the form of OCBC Bank cheque/cashier's order/demand drafts. The maximum placement amount for all the above Time Deposit promotions is S$999,999 or equivalent. For deposits above S$1 million, please contact us at 1800 363 3333 or visit any branch.","- Via online banking (For existing OCBC Customers)
- At a branch:
  - NRIC (for Singaporeans and Singapore PRs)
  - Passport(Foreigners)
  - Employment Pass (EP) or S-Pass or Student Pass(Foreigners)
  - 5,000 Units for AUD, CAD, CHF, EUR, GBP, NZD, SGD, USD; 50,000 units for HKD, 250,000 units for CNH and 500,000 units for JPY for initial deposit
  - Include any one of the following documents:Phone bill,Half-yearly CPF statement,Any bank statement",https://www.ocbc.com/personal-banking/accounts/time-deposit.html?pid=sg:en:others:accounts:TimeDeposit:Nov16:internal:depositsLP:::::,The data returned are indicative and are subjected to changes without prior notice. Please use the data at your own discretion and risk.,2026-10-05
USD Current Account,Foreign currency,Foreign currency,ocbc_foreign_accounts_response_1791200445017.json,A USD account with chequebook,"Singaporeans, Singapore PRs and foreigners age 18 and above","US$1,000 via S$ cheque,deduction from your OCBC accountor one-time transfer from another bank","US$1,000 (Minimum average daily balancefor the month)",Fall below fee-US$10,"- Flexibility of issuing cheques in US Dollars
- Initial deposit US$1,000 via S$ cheque, deduction from your OCBC account, or one-time transfer from another bank
- This is a non-interest bearing account.
- Deposit in foreign currency notes is subject to minimum 1% commission-in-lieu or exchange. This fee is not applicable for deposits in S$.",,,,,,,"- Apply at any of our branches :
  - (for Singaporeans and Singapore PRs) NRIC
  - (for Foreigners) Employment Pass (EP) or S-Pass or Student Pass
  - (for Foreigners) Passport
  - US$1,000 for initial deposit
  - Additional documents : Include any one of the following documents:Phone bill,Half-yearly CPF statement,Any bank statement",https://www.ocbc.com/personal-banking/accounts/usd-current-account.html?pid=sg:en:others:accounts:USDCurrentAccount:Nov16:internal:depositsLP:::::,The data returned are indicative and are subjected to changes without prior notice. Please use the data at your own discretion and risk.,2026-10-05
Global Savings Account,Foreign currency,Foreign currency,ocbc_foreign_accounts_response_1791200445017.json,A savings account that allows you tosave in ten major currencies,"Singaporeans, Singapore PRs and foreigners age 18 and above.","5,000 units (for AUD, CAD, CNH, EUR, GBP, NZD, CHF,USD; 50,000 units for HKD and 500,000 units for JPY or equivalent in SGD)",,,"- Flexibility to open a savings account in your preferred currency.
- Initial deposit can be done via S$ cheque, deduction from your OCBC account or one-time transfer from another bank.
- The interest rates for foreign currency deposits are updated daily for your information. http://www.ocbc.com/personal-banking/accounts/interest-rates.html",,,,,,,"- Apply at any of our branches :
  - (for Singaporeans and Singapore PRs) NRIC
  - (for Foreigners) Employment Pass (EP) or S-Pass or Student Pass
  - (for Foreigners) Passport
  - S$5,000 for initial deposit
  - Additional documents : Include any one of the following documents:Phone bill,Half-yearly CPF statement,Any bank statement",https://www.ocbc.com/personal-banking/accounts/global-savings-account.html?pid=sg:en:others:accounts:GlobalSavingsAccount:Nov16:internal:depositsLP:::::,The data returned are indicative and are subjected to changes without prior notice. Please use the data at your own discretion and risk.,2026-10-05
Home Loan (New Purchase),Home Loans,Home Loan (New Purchase),ocbc_home_loan_response_1791200316701.json,"Different loans for different homes
- Financing of up to 80%
- Combination of pricing packages (variable rate and 3 months SIBOR) with no switching fees
- Attractive interest rates
- Dedicated customer care officers and mortgage specialists are just a phone call away","- For HDB purchase, you must meet HDB eligibility (http://www.hdb.gov.sg/cs/infoweb/residential/buying-a-flat/new/hdb-flat)
- For Private property purchase, everyone including Singapore PRs and foreigners are eligible",,,,,"Fixed Deposit-linked rates
- 36-month Fixed Deposit Mortgage Rate + 1.23% for the first 3 years
- Rates are pegged to our 36-month fixed deposit rate
- Rates and payments can change with our 36-month fixed deposit rate
- Free conversion to any other package if the fixed deposit rate increases
Short-term fixed interest rates
- From 2.38% for the first year
- Fixed monthly payments means you can budget and plan ahead
- Protects you from rate fluctuations for the first 1-2 years
- Interest rates tend to be higher than other packages
SIBOR-dependent rates
- 3M SIBOR + 0.90% for the first 3 years OR 1M SIBOR + 0.65% for the first year
- Rates are pegged to the 1- or 3-month SIBOR
- Payments can increase or decrease based on SIBOR rates
- Rates are reviewed every 1 or 3 months, depending on the package chosen
Variable interest rates
- From 1.75% for the first year
- Rates are lower than fixed rates
- Rates and payments can change with the OCBC board rate","- HDB: From S$100,000 to 80% of valuation
- Private Property: From S$200,000 to 80% of valuation",,,,,,http://www.ocbc.com/personal-banking/loans/home-loan-hdb-and-private-property.html,The data returned are indicative and are subjected to changes without prior notice. Please use the data at your own discretion and risk.,2026-10-05
Home Loan (Refinancing),Home Loans,Home Loan (Refinancing),ocbc_home_loan_response_1791200316701.json,"Get a home loan refinancing package customised for you
- Combination of pricing packages (variable rate and 3 months SIBOR) with no switching fees
- Attractive interest rates
- Dedicated customer care officers and mortgage specialists are just a phone call away
- Refinance your existing Home Loan with us to enjoy
  - Lower monthly instalments
  - Customised solutions",,,,,,"Fixed Deposit-linked rates
- 36-month Fixed Deposit Mortgage Rate + 1.23% for the first 3 years
- Rates are pegged to our 36-month fixed deposit rate
- Rates and payments can change with our 36-month fixed deposit rate
- Free conversion to any other package if the fixed deposit rate increases
Short-term fixed interest rates
- From 2.38% for the first year
- Fixed monthly payments means you can budget and plan ahead
- Protects you from rate fluctuations for the first 1-2 years
- Interest rates tend to be higher than other packages
SIBOR-dependent rates
- 3M SIBOR + 0.90% for the first 3 years OR 1M SIBOR + 0.65% for the first year
- Rates are pegged to the 1- or 3-month SIBOR
- Payments can increase or decrease based on SIBOR rates
- Rates are reviewed every 1 or 3 months, depending on the package chosen
Variable interest rates
- From 1.75% for the first year
- Rates are lower than fixed rates
- Rates and payments can change with the OCBC board rate","- HDB From S$100,000
- Private property From S$200,000
- The above is capped at 100% of valuation or your outstanding loan, whichever is lower.
- *Home Loan on an owner occupied property purchased before 29 June 2013",,,,,,http://www.ocbc.com/personal-banking/loans/home-loan-hdb-and-private-property-refinancing.html,The data returned are indicative and are subjected to changes without prior notice. Please use the data at your own discretion and risk.,2026-10-05
Bonus+ Savings Account,Savings Account,Savings Account,ocbc_savings_accounts_sg_response_1791198246180.json,Earn higher interest rates for months you did not make any withdrawals.,"Singaporeans, Singapore PRs and foreigners age 16 and above","S$10,000","S$3,000 (Minimum average daily balance for the month)",$2 fall below fee applies,"Interest rates:
- Keep your savings growing with up to 0.80% p.a. for months when no withdrawals are made. Withdrawals can be made any time and you will receive base interest for the months you accessed your cash.
Get up to 0.80% per year on your entire account balance:
- 0.05% per year-base interest
- 0.75% per year (15x base interest)-bonus interest for months with no withdrawals",,,,,,,"- Apply at one of our branches
  - NRIC (for Singaporeans and Singapore PRs)
  - Passport(Foreigners)
  - Employment Pass (EP) or S-Pass or Student Pass(Foreigners)
  - S$10,000 (for initial deposit)
  - Include any one of the following documents:Phone bill,Half-yearly CPF statement,Any bank statement",https://www.ocbc.com/personal-banking/accounts/higher-interest-deposit-bonus-plus.html?pid=sg:en:others:accounts:BonusplusSavingsAccount:Nov16:internal:depositsLP:::::,The data returned are indicative and are subjected to changes without prior notice. Please use the data at your own discretion and risk.,2026-10-05
Monthly Savings Account,Savings Account,Savings Account,ocbc_savings_accounts_sg_response_1791198246180.json,Save monthly and earn higher interest rates.,"- Singaporeans, Singapore PRs and foreigners age 16 and above
- Children below 16 years can open a joint account together with their parent/guardian who is 21 years and above",S$0,S$50,,"Interest Rates:
- Earn up to 0.40% p.a.:
  - Bonus Interest: 0,35% per annum (Deposit a minimum of S$50 monthly, make no wirthdrawals within the month)
  - Base interest: 0.05% per annum
- Start saving from as little as S$50 per month
Exclusively for OCBC Child Development Account Holders:
- Earn up to 0.80% p.a. when you save regularly for your child with the Monthly Savings Account! You can enjoy the additional 0.40% p.a. CDA Advantage Bonus Interest on up to two joint accounts with your child. T&Cs apply.
- Exclusive MSA interest rate for OCBC CDA holder:
  - Earn up to 0.80% p.a.:
    - 0.40% per annum-CDA Advantage Bonus Interest (CDA Holders enjoy an additional bonus interest)
    - 0.35% per annum-Deposit a minimum of S$50 monthly and make no withdrawalswithin the month
    - 0.05% base interest
  - Note: To enjoy the additional 0.40% p.a. CDA Advantage Bonus Interest, the account must be jointly held with your child. This exclusive bonus interest is applicable for up to two accounts.",,,,,,,"- Via Online Banking (For existing OCBC customers)
- At a branch:
  - NRIC (for Singaporeans and Singapore PRs )
  - Passport(Foreigners)
  - Employment Pass (EP) or S-Pass or Student Pass(Foreigners)
  - Include any one of the following documents:Phone bill,Half-yearly CPF statement,Any bank statement",https://www.ocbc.com/personal-banking/accounts/monthly-savings-account.html?pid=sg:en:others:accounts:MonthlySavingsAccount:Nov16:internal:depositsLP:::::,The data returned are indicative and are subjected to changes without prior notice. Please use the data at your own discretion and risk.,2026-10-05
Unit Trusts,Unit Trusts,Unit Trusts,ocbc_unit_trusts_response_1791199834643.json,"A unit trust is a fund composed of investors? money, which is invested in a variety of financial assets.
When you invest in a unit trust, your money is pooled with that of other investors to form a fund, and invested into various assets to meet the unit trusts objectives by a fund manager.
For example, if you invest in a China fund, the fund manager will invest your money into selected opportunities within China.",,,,,"- Professional fund managers with the experience, skills and resources to decide where, when and what to invest.
- Diversification of assets within the funds spreads your investment risks.
- Instantly access a diversified portfolio at a fraction of the cost, without having to invest huge amounts of money in individual stocks, bonds or other assets.
- Gain access to different markets that may have been difficult or expensive for you to invest in directly.
- Make timely decisions(We send you updates via email or SMS, so you can act at the right time.)",,,"- Our Balanced Model Portfolio produced 30.52%* total return since 31 August 2012.
- Our Aggressive Model Portfolio produced 41.77%* total return since 31 August 2012.
* As of March 2016. Performance is based on a back tested portfolio, assuming a static allocation.","How to invest
Lump sum investments
With lump sum investments starting from S$1,000 (minimum investment amount varies with funds), you can immediately start taking advantage of prevailing market conditions.
Monthly investments
Monthly investments start as low as S$100 a month. Investing monthly potentially lowers the risk of investing a large amount at the wrong time.
You also benefit from dollar cost averaging which potentially lowers your average cost of investment over time. Please check with us for funds available for monthly investments.
How to pay
Whether you choose lump-sum or monthly investments, you can purchase unit trusts using:
- Cash
- Central Provident Fund Investment Scheme (CPFIS)*
- Supplementary Retirement Scheme (SRS)*
* Only selected funds",,,Download the OCBC OneWealth App to start investing now.,http://www.ocbc.com/personal-banking/investments/unit-trusts/invest-in-unit-trusts.html,The data returned are indicative and are subjected to changes without prior notice.Please use the data at your own discretion and risk.,2026-10-05
